id_cliente,nome,email,estado,data_cadastro
c37459ee-f50b-4a63-b71e-cd7b27cd8130,Kamilly da Cruz,anthony-gabriel26@yahoo.com.br,MT,2024-02-22
a28defe3-9bf0-4273-9247-6f57a5e5a5ab,Aylla Fogaça,daniela34@ig.com.br,CE,2025-01-22
0c0fd195-c17a-408a-9745-d6d87e570ddf,Nicole Garcia,ofonseca@hotmail.com,AM,2024-04-01
f4188f3f-8a14-4e62-a95b-4715c333e861,Sra. Ana Luiza Gomes,natalia93@hotmail.com,SP,2025-11-20
847fd9b4-e64d-4bcb-b027-53a15f987c71,Luna Mendonça,ana-liviaguerra@ig.com.br,PB,2024-03-07
18d0752b-1825-4c54-b0be-b45f683514f2,Ana Luiza Fernandes,yda-cruz@uol.com.br,RO,2024-11-03
dd59ba71-36b8-4481-bb3a-4e3e7c52fa17,Noah Martins,borgesrenan@hotmail.com,MG,2025-11-04
1eb0e38a-675d-45af-bc36-5296dca02eec,Maria Helena Abreu,davi-miguelpeixoto@gmail.com,RJ,2024-06-13
ce9e1a11-fcbb-4e59-bbdd-cf7c9c96e9ec,Anna Liz Leão,lunanogueira@ig.com.br,RS,2025-01-18
fad409e2-a319-4cb4-a17d-65a0c56811cd,Dra. Letícia Ribeiro,cda-mota@gmail.com,GO,2024-04-08
c84a7b28-550a-4b46-acab-3301bc8f7d29,Paulo Novais,luiz-gustavojesus@gmail.com,PA,2025-08-19
c9535b63-ba81-4dd9-987e-f3446f3f920c,Eduarda Viana,viniciusandrade@gmail.com,MT,2024-11-07
2c8d0e44-e71e-43a6-bf85-bf0ead64b56c,Esther da Cunha,matheusleao@ig.com.br,RN,2025-02-19
624c69b6-b244-45a7-b7e5-848131c681ec,Yan Abreu,marqueskamilly@ig.com.br,PR,2024-10-10
c715b2b9-c40c-4d91-86fd-e062a33dc7af,Alana Sá,qmachado@hotmail.com,PE,2024-12-15
c0e3befd-4c71-40fe-9a0c-dd7cf1578470,Maysa Barbosa,teixeiragabrielly@uol.com.br,MG,2025-09-27
c2dff335-5666-4f9f-93ac-2ab974672cd9,Yago Pereira,da-luzgabrielly@yahoo.com.br,MG,2024-07-08
d1bdb8c0-c71d-4e60-9d52-06abb7e6427c,Bruno Melo,emilly29@bol.com.br,CE,2024-08-02
e43e4288-a2b5-4498-9cb8-5aedf5f62c97,Amanda das Neves,apollo67@gmail.com,TO,2024-11-26
0299436a-8e48-4223-86b9-8991e14eb70d,Emanuelly Siqueira,valentim54@bol.com.br,PE,2024-05-01
f36cb62b-892e-4161-be2d-740a1e9b23bc,Maria Luísa Mendonça,isaquesilveira@hotmail.com,SP,2025-05-24
5738811d-70c2-403f-ba8d-03aa782a65e0,Helena Sousa,acaldeira@bol.com.br,CE,2024-01-13
14c8b3b4-a911-4192-83bf-d9313605bf54,Danilo Azevedo,pimentagael-henrique@hotmail.com,CE,2024-06-08
706c5c56-49e2-423d-abd3-461691b78d8e,Ana Vitória Castro,ana-lizpeixoto@ig.com.br,AM,2024-12-03
1ac70ec0-ab8d-4eb4-9230-dfbd5553b2fe,Dr. João Gabriel Montenegro,eborges@yahoo.com.br,CE,2024-08-17
e17f29e1-7028-4046-89bc-473fed7bf656,Dr. João Pedro Ribeiro,costelavitor@bol.com.br,RR,2024-12-15
44656d6b-81fb-48b3-89a7-d91fef2ae713,Isabella Santos,davi-miguelda-mota@uol.com.br,TO,2023-12-06
d85480f0-dfca-40b7-99b1-7e80dea4ae17,Dr. Samuel Cassiano,cardosomilena@bol.com.br,PB,2024-02-20
2a96e1e2-7194-4ae2-99ba-d7aedf615a5c,Diego Jesus,wbrito@ig.com.br,RR,2024-07-24
12e89d10-2871-4733-8bed-db12ad77e82f,Lunna Vieira,maria-clara40@uol.com.br,PB,2024-08-29
5d678bb1-945e-42e4-888a-93ec70d9c9f8,Dr. José Marques,joao-guilherme10@yahoo.com.br,SC,2024-03-16
95a5bafa-431d-429f-ac1e-86d8bfbf397b,Lunna Souza,stella17@yahoo.com.br,MG,2025-09-03
19597b5a-a7a8-4636-aa35-df59e2aa7a5d,Igor Melo,vpastor@ig.com.br,TO,2024-12-19
dea45c19-d024-4d72-b748-967f961d33ba,Arthur Gabriel Sales,davi-miguelteixeira@bol.com.br,ES,2024-08-16
80fb9296-73b6-409b-9bea-f6ac97fa7f04,Agatha da Mota,melomanuela@yahoo.com.br,ES,2025-03-26
e0b15aba-a6a2-4967-a79b-44b6da509fed,Dra. Stephany da Rosa,ybrito@ig.com.br,SP,2025-02-05
b8976ec5-ea74-4b18-9e3b-496f6c4596f6,Milena da Conceição,joaquim65@ig.com.br,AL,2024-07-15
11d059b2-6699-4d99-a847-bce790fa6b57,Cauã Oliveira,camila50@hotmail.com,BA,2025-07-02
7c93f6cc-97d7-4560-adb1-4670ad9fb00d,Vitória Cunha,ferreiralorena@gmail.com,PE,2025-05-06
6de59332-9364-43d0-9024-bdc6dcb33df3,Henry Gonçalves,lopesarthur-miguel@uol.com.br,RJ,2024-10-14
f54e2019-ba35-444e-99e1-ac095970a859,Danilo Guerra,mouranina@hotmail.com,TO,2025-04-19
497de16d-d4ea-420a-9e65-96540e9058b6,Bella Casa Grande,das-nevesmaria-eduarda@uol.com.br,AP,2025-04-18
486bb6bf-eafd-47d9-9f73-3a3e5d286aa4,Sofia Gomes,hmoura@bol.com.br,MG,2024-10-17
04aac1b7-5ca0-4428-822c-4d326c645c15,Sr. Lucas Gabriel Azevedo,saraborges@ig.com.br,MS,2024-07-31
9c4ffb46-71b7-41aa-b836-f5713ccec76c,Manuela Vargas,jesusemanuella@ig.com.br,MA,2025-07-11
d11376e0-38d7-4b9a-a916-da57f24823ab,Vitor da Costa,jmoraes@uol.com.br,PB,2025-10-22
871c0884-9bdf-40f2-ba2c-0f19f0b2a5d1,Oliver Aragão,da-cunhapedro@hotmail.com,PA,2024-02-29
81e03a5e-8b48-4496-86ab-d4e7f4124360,Kevin Campos,enzo-gabrielmoura@yahoo.com.br,SE,2025-01-02
0aba590e-e2c3-48aa-b310-7475ca862225,Olivia Aparecida,sandrade@hotmail.com,MT,2025-11-28
53f28f11-147f-4570-9a43-db54523ae993,Miguel Nogueira,lpereira@bol.com.br,RO,2024-07-21
f2e6195f-732e-4016-add7-02c92747b93c,Paulo Cavalcante,eloa69@gmail.com,MS,2024-09-18
ae92ea71-cf7d-4b43-9679-742fff4c96d6,Davi Miguel Moura,machadoluiz-felipe@ig.com.br,MT,2025-05-06
f8ede0ca-2015-4a72-92e1-53a6932cae01,Sr. Yan Nogueira,amoura@uol.com.br,MT,2025-04-16
9780c215-2b2b-48e9-a417-c09380a8a23d,Nina Rodrigues,jose49@bol.com.br,RJ,2024-04-02
24c778a5-9b4e-464b-9716-dc2e343ada2a,Dra. Maitê Nunes,lunnaleao@uol.com.br,MT,2025-10-04
f1fac6e7-170d-4507-85ee-e1d47f53a88e,Dr. Murilo Cardoso,dmoraes@uol.com.br,MG,2024-12-31
c3affcfe-734a-4ca3-8116-e3fc62e7c1a6,Henrique Pacheco,eloanovaes@yahoo.com.br,PI,2024-07-09
79928faa-4cbf-431d-901b-cdefb56ff8ce,Aylla Gonçalves,barbara88@bol.com.br,TO,2023-12-17
ba370623-bc5f-44dd-992f-3c1edf70fb2a,Daniel Leão,julianamontenegro@bol.com.br,AL,2025-06-05
65001423-faeb-4d19-a550-8ea26133a34d,Giovanna Novais,alicia19@ig.com.br,TO,2024-08-29
682b163a-286e-4390-add9-7a1afa585b27,Ana Cecília da Paz,maria-julia12@gmail.com,RS,2025-11-30
d9df0d0e-225a-4d6c-b045-8043e3a68a70,Guilherme Sá,iramos@bol.com.br,PE,2024-12-02
92a81713-b90e-444b-951c-25d54d4c5280,Daniel Farias,hadassa37@yahoo.com.br,AC,2024-06-25
87365a84-725e-434d-8687-9aa914f573d0,Sr. Bento Rios,thalesrodrigues@bol.com.br,RR,2024-09-11
0b981ccd-12b2-402d-940c-350337c86152,Brenda Araújo,goncalvesthomas@gmail.com,PA,2024-08-28
8b60c511-b816-4aeb-ac6a-7c8576876c62,Ana Liz Azevedo,andresa@gmail.com,PA,2025-01-21
c6ac1b04-dd1d-4cd1-811f-6bf5379ef467,Josué Marques,guerraluna@hotmail.com,AL,2024-03-22
0ec0713d-ea2c-4a51-b688-d11fce4758be,Liam Oliveira,raelda-rosa@ig.com.br,PI,2024-10-20
c11bd1c4-ffe3-4366-bf33-7a151e086f20,Vinícius Carvalho,ana-julia03@hotmail.com,PR,2025-11-14
4b91b8cb-6ae6-4582-b852-b3cd9442b5e6,Dra. Gabrielly Gonçalves,arthur-gabrielda-luz@bol.com.br,BA,2024-05-05
a3422e50-9e2a-4324-8f79-a8a75f8a14bd,Mateus Nunes,antonycunha@bol.com.br,RO,2025-11-29
d3fbe043-af1d-4a1a-8ccb-235539d1c7ff,Dr. Antony Abreu,jade79@hotmail.com,AP,2025-04-25
3508507a-f622-4842-8402-2b3c508211a5,Maria Luiza Garcia,yasmin90@hotmail.com,RJ,2024-03-25
2f8c83e5-6e8d-4644-a01b-fbcbf0eebcce,Kaique Castro,manuella73@yahoo.com.br,RO,2025-03-04
991965ea-98d0-4c2c-97d3-0f328de1596c,Juan da Cruz,bcaldeira@gmail.com,SE,2024-08-12
4dfe1117-22af-411f-9b62-8a9d75366b9f,João Vitor Jesus,thales79@bol.com.br,AC,2024-10-07
703e957f-35ab-4466-b557-8b00f166cdcf,Mateus Farias,isisalves@ig.com.br,SE,2024-07-18
38d5101f-423c-4d9d-993e-478302b34254,Sara Carvalho,vsa@uol.com.br,PE,2025-07-07
05c8234b-1d76-4a66-b5f5-9cb0cf685878,Maria Fernanda Gonçalves,edias@yahoo.com.br,MT,2025-04-21
75220646-3273-45bf-9373-bf4d5da49cb9,Srta. Isabelly Moreira,oliveiragustavo@bol.com.br,AM,2024-06-25
a52fc3ec-eb4e-4281-b184-d1fc8991b01a,Levi Peixoto,llima@uol.com.br,CE,2025-02-08
c7de96ea-2b0f-4e44-89e6-4c2289a0b7eb,Laura Carvalho,anaandrade@yahoo.com.br,PB,2025-02-16
ce315937-34fa-42b6-9043-7e4c34e50699,Thomas Camargo,liz29@hotmail.com,AL,2025-02-19
17d50f59-c4d5-48f7-a14f-e093cb6ad0c7,João Lucas Peixoto,kamilly67@gmail.com,MG,2025-01-08
70f81dba-2871-4b9b-9b8f-0e32edef5003,Dr. Rafael Mendonça,piresmaria-clara@gmail.com,PB,2023-12-05
dc3f42e0-fcf7-4842-9edf-3bfad12e0eb5,Davi Lucca Rezende,aalbuquerque@ig.com.br,PA,2025-05-27
e5871d89-1631-4fc6-b79d-58f9dc268108,Ana Sophia da Conceição,julianapimenta@ig.com.br,AM,2024-03-22
122dd7be-980b-481e-a359-5d1f7fe4a42e,Maria Isis Ferreira,mayagomes@gmail.com,PE,2025-10-25
f96c9a0a-3404-402a-abc1-bb5282e4dd4a,Luiza Cardoso,agathabarros@yahoo.com.br,SE,2024-04-03
b65ad0f1-4350-4b06-9059-ea28861b4f5b,Benício das Neves,isaac05@uol.com.br,RJ,2025-04-05
45712959-51e7-44e4-b864-ca08ea75752d,Mirella Moraes,ucamara@hotmail.com,TO,2024-02-03
061efb95-68f8-4063-aeb1-9ad201a1fb0f,Theodoro Rocha,zoeteixeira@hotmail.com,ES,2025-01-28
915cb31b-9786-4b12-9328-172664f434d6,Sr. Lucas Gabriel Abreu,montenegrojoao-felipe@ig.com.br,AL,2024-11-06
d38e13e4-4de1-487b-afa1-4a55cebeabaa,Lavínia da Luz,hda-luz@gmail.com,RR,2025-05-29
a50a13dc-f004-4897-a15b-2e18afb06406,Lunna Casa Grande,jose-pedrocosta@uol.com.br,AP,2025-03-01
4b8c031f-a5b4-4983-beeb-c04a9df2372e,Antônio Azevedo,ccassiano@bol.com.br,PR,2024-10-20
f956be95-3b96-4c74-bfe6-299495804c2a,Caio da Mota,danilo78@yahoo.com.br,CE,2024-02-20
002ccb25-7a5d-4c82-86c5-547c051a0039,Srta. Juliana Nascimento,araujoravi-lucca@bol.com.br,MT,2025-11-16
f7ff88d4-b509-408a-ac98-8bca51397c06,Manuela Silva,ovieira@uol.com.br,PI,2025-05-26
41b455b8-59b9-422c-915a-ffacb173fcdf,Erick Garcia,maite04@hotmail.com,SE,2024-02-26
7b94a34d-e4aa-486d-9d17-d218fc3b0de5,Maria Isis Macedo,novaesfrancisco@yahoo.com.br,RR,2023-12-29
fa207403-4ab4-47e3-a360-76812bbba89d,Sr. Pedro Henrique Castro,gcosta@gmail.com,AP,2024-12-06
3a3e46b0-96f8-4ff7-81a7-2883f8802878,Maria Laura Melo,barroscatarina@bol.com.br,PI,2024-01-21
8e6de263-635a-475d-9647-6e3f1127b207,Otto Nascimento,valentimdias@ig.com.br,MG,2025-02-05
ae49c079-9bd0-44c7-9e45-455e24d38751,Vicente Marques,landrade@yahoo.com.br,RR,2024-10-12
d22e3226-5fb8-444d-9e00-18aa84396fc0,Luísa Sales,joanasousa@uol.com.br,AL,2025-01-08
d6707a21-29dc-473e-9820-b3f25989dd6c,Luana Santos,ecavalcanti@bol.com.br,GO,2025-07-08
8548867b-ad5c-4a24-8d59-616b7779857f,Ana Gomes,dferreira@yahoo.com.br,TO,2025-04-02
95410a9d-090a-4a93-bc9a-79986365fc2a,Cauã Abreu,qda-rocha@uol.com.br,RR,2025-02-21
948f664a-9565-457b-a267-d32fddcbf4bc,Hellena Rodrigues,ana-beatriz71@uol.com.br,RN,2024-01-29
938703c9-2b29-4f36-8606-ddc4c2dd901d,Theodoro Campos,abreumarcela@yahoo.com.br,SP,2024-04-06
98abb2e7-8531-4f0f-ba53-312274b79620,Davi Lucca Pimenta,lucas-gabriel10@yahoo.com.br,PE,2024-08-23
40b374f8-8c1a-42c7-9fa3-ed1f61584f88,Sr. Luigi Mendonça,aragaoigor@uol.com.br,PR,2025-06-02
b02e21aa-352b-4ec8-a90d-21cb7f111a36,Alexia da Rosa,kda-rocha@gmail.com,PR,2024-08-17
0279e2ab-0bbf-4334-a3ea-2d7fc219a845,Alice Rios,ana-sophia61@gmail.com,BA,2025-05-03
dcd1c413-0760-401f-9c81-fc465bcd236c,Maria Alice Macedo,ncirino@uol.com.br,RO,2025-10-18
de9205ea-7eef-49ab-9a14-3a47782351d9,Raquel Camargo,albuquerquelevi@bol.com.br,CE,2024-02-01
74ca0ad7-abe5-4e96-a793-9a2e34f43404,Isaque Farias,borgesana-julia@bol.com.br,MT,2024-09-12
30c9c51f-c80b-4af7-9315-fafa7500f785,Mirella Farias,marcos-viniciuscampos@uol.com.br,RR,2024-08-23
65daced0-460a-4125-bf8c-93d4c32afc4a,Ana Clara Porto,mirella66@bol.com.br,MT,2024-07-20
ab95c72f-0d95-4af5-a534-21bc6180b78a,Davi Miguel Jesus,halbuquerque@gmail.com,AL,2024-05-08
dec00f3a-dc46-4b34-87ea-b19bde6cf36b,João Pedro Rodrigues,albuquerquetheodoro@hotmail.com,PB,2025-09-09
a0180791-eeb0-43fe-860e-a4d50d04dcb6,Dra. Maria Eduarda Sá,brunocassiano@yahoo.com.br,RN,2025-09-19
72173fa3-5893-4f12-ab3f-8d221d5e6aee,Yan Fogaça,wnovais@ig.com.br,ES,2025-11-06
dd6d6b41-3692-4531-8609-7cd8a127dc6b,Luna Garcia,piresdavi-lucca@hotmail.com,RO,2024-10-29
103056b7-9e4c-44dd-b864-a47ba43447fb,Zoe Sampaio,arthur-gabriel61@bol.com.br,SP,2025-07-06
35c606b5-4e00-4d55-95ca-dfaff26d3dd3,Srta. Maria Alice Montenegro,oliveiraisabel@bol.com.br,SC,2025-07-02
4e40bfba-a8cf-4589-9dc8-9e1a540e7d01,Noah Ramos,davi-miguel35@uol.com.br,RR,2025-03-02
a06a187d-e2e6-47a6-bbc9-94734363589c,Maria Clara Dias,da-motajoao-lucas@bol.com.br,AP,2025-06-22
23ef5561-839e-4623-81d8-41d32a74b90c,Sofia Pires,ribeirorhavi@bol.com.br,PB,2024-04-06
5d8416e0-60e6-46ff-a757-43f9606cc2f5,Clara Sousa,vinicius98@bol.com.br,RJ,2025-04-25
7b44acd0-1d03-43d5-b862-acc354899c37,Isis Garcia,ribeiroraul@uol.com.br,RO,2024-12-10
38283a05-2baa-43c9-bb4e-9ecdde0787b1,Enrico Ramos,enzo-gabriel37@bol.com.br,TO,2024-10-19
5ed10e7f-6bb1-42bc-85a4-b0cb6e76936a,Emilly Pinto,valentinaabreu@ig.com.br,AL,2025-05-29
95dad216-a6cd-4e3c-ad13-0705279f91ab,Rodrigo Vieira,ana-vitoriajesus@yahoo.com.br,GO,2024-06-24
25343e85-d2c0-4ec2-9751-94d7cdeb2696,Luiz Otávio Pimenta,castroheloisa@ig.com.br,PR,2025-11-23
ff2f6883-163b-4481-a84e-4cd4f9c3ee05,Benício da Luz,fonsecarhavi@ig.com.br,GO,2025-08-01
f26f9b19-5708-413e-8b54-167080cfb1db,Miguel Guerra,gmontenegro@bol.com.br,AM,2025-08-19
13769ff9-578c-4875-9231-f372bfb0942c,José Sales,theo41@uol.com.br,PI,2025-11-27
e1886146-fc40-43d4-a5eb-45497e0a04c2,Luara Fogaça,mendesesther@bol.com.br,RJ,2025-10-09
427bbffb-dca1-4dcc-9cdf-06645c91f845,Fernando Teixeira,gabriellypacheco@gmail.com,CE,2025-02-03
e4ad5e9b-fedd-42d9-a26c-bc6a7fe5a4b6,João Felipe Melo,maria-juliaalbuquerque@hotmail.com,RS,2025-01-09
c7c2564a-fab8-428f-acae-93a289d716ef,Kaique da Cunha,miguel99@ig.com.br,MA,2024-09-05
ba4f4b03-2002-4d9f-85e9-f407daada0b1,Dr. Pietro Barros,raquel76@hotmail.com,ES,2025-05-02
dd3ee854-5340-44b0-aa4f-4a80dc412176,Sr. Gustavo Henrique Cavalcante,benjaminandrade@ig.com.br,PR,2024-12-01
7def3b8e-ec0d-4c3a-b011-b125022111e5,Pedro Miguel Carvalho,catarinada-paz@uol.com.br,SP,2024-12-09
74915c14-a30b-469c-9c40-50454a22eae9,Pedro da Rocha,julia31@hotmail.com,RN,2024-11-20
8b0ea0b9-1246-4474-a475-c0eec6913069,Dr. Gabriel Duarte,sajoao-vitor@gmail.com,PR,2024-04-24
a206527c-3c68-41d6-9ce8-e12ff9287d26,Maria Helena Albuquerque,miguel50@ig.com.br,PA,2024-08-13
fb4f1972-5115-47ee-bb90-908e7ce34563,Kamilly Pacheco,stellavieira@gmail.com,PI,2025-08-08
c6a28e4e-002f-4ca4-b43e-85315dfb1922,Gael Almeida,manuellada-rocha@yahoo.com.br,RS,2024-12-31
a86d8706-637b-4648-9617-b9c0a449d64f,Sr. Antony Pinto,gcorreia@gmail.com,PR,2025-01-16
a8290f3c-86b4-452c-b170-46b930807a5d,Luiz Otávio Câmara,britoravi@bol.com.br,ES,2025-02-19
be9cafcf-ed17-46e9-8cdc-718dc4057420,Maria Vitória Souza,rodrigo98@hotmail.com,GO,2024-09-09
920b725b-1787-4810-8ce0-9ecbcfa28fb8,Miguel Abreu,emanuelly93@hotmail.com,MG,2025-02-19
388629ff-b2a0-4778-809d-644453ab3cce,Srta. Lunna Vieira,diasvalentina@bol.com.br,BA,2024-01-13
52cb1ae0-6e18-49b3-86da-85f144296ca2,Thiago Borges,sabrinada-cruz@hotmail.com,RO,2025-11-21
1c7cb6ed-cde5-4848-b19c-905e57e0a1f1,Maria Sophia Lima,da-cruzjuan@yahoo.com.br,MA,2024-11-18
dd419a67-5c37-4254-a8fc-5690e9b1c4a1,Lucas Costela,rribeiro@ig.com.br,AM,2023-12-19
8e10814f-f1b2-4143-878b-13a9fd88565a,Dr. Igor Garcia,pirestheo@uol.com.br,GO,2024-05-28
229fe85b-e8d9-4a20-8618-1db2e60d7a94,Maria Júlia Ribeiro,joao-guilhermedas-neves@ig.com.br,PA,2025-11-10
c7a2b171-b02a-46ee-9458-80635bf88d1d,Dra. Eduarda Dias,ravida-conceicao@ig.com.br,PR,2024-03-18
be125f8f-f06b-4c12-9c8b-955064e70f9a,Dr. Francisco Gomes,pereiragabrielly@ig.com.br,RJ,2025-03-10
f016716b-95df-46cb-875a-ec942e057f79,Bianca Machado,uborges@bol.com.br,RR,2025-02-01
dcd81a8b-a8d6-4af6-9f0d-def190c40e45,Maria Sophia Duarte,xaparecida@hotmail.com,BA,2024-04-08
3ea585a9-01ae-4505-99a0-4abb99e95433,Ana Júlia Leão,amarques@uol.com.br,PI,2024-07-08
11529a73-d1fc-4edd-a102-2b56e5c482ff,Ester Casa Grande,brayan14@yahoo.com.br,SP,2024-10-31
fab0a15d-4a5d-4cea-b565-f64e3b93a53f,Olivia Carvalho,zmonteiro@hotmail.com,DF,2023-12-06
d5759337-549c-4eb9-b1ab-01582cf6073b,Nina Pires,isabela99@gmail.com,MT,2025-11-20
9b0e70ad-922b-4a48-aa7c-f9e9d7a7e7b1,Arthur Miguel Ramos,fernandesfernanda@ig.com.br,MG,2024-04-28
d277ab64-1927-43a7-9f2e-37e7c4fcbb84,Luara Santos,maria-sophia84@yahoo.com.br,PE,2025-05-13
460d113d-2851-48be-a639-e21445ccaa93,Ana Carolina Marques,sophia57@ig.com.br,AM,2023-12-16
c226ab53-b680-473b-b2b9-c542d143e0a2,Ágatha Ferreira,wpimenta@yahoo.com.br,RO,2025-08-24
209ce4a5-931e-4d4d-9abc-9859593edc83,Caroline Borges,maria-luiza72@yahoo.com.br,PE,2024-02-22
8e1a3a51-534b-4a86-b681-2ad798986758,Sr. Luan Novais,sousamariah@gmail.com,AM,2025-09-03
fd8398c3-5821-49f8-aa45-2afdfb8a61eb,Leandro Guerra,ana-clara94@uol.com.br,AP,2025-03-01
5c3bd3b5-ecaa-4afb-97e4-527a6274d240,Sophia Guerra,maria-lauracarvalho@hotmail.com,TO,2024-10-24
3c9ba542-bb1d-43a8-98c8-23b07f8736f1,Carolina Carvalho,laispereira@gmail.com,RR,2024-12-28
781f9d3f-e7f3-49dc-833d-e3ad743b9f71,Yago Oliveira,caue58@gmail.com,RJ,2025-06-26
9a940c6c-1c8e-406b-bdce-4d4d03a2cee9,Luiz Gustavo da Rocha,joao94@yahoo.com.br,CE,2025-11-10
ec264a0c-c09f-4c91-b2c0-a0cfbf03b8c2,Sra. Maria Eduarda Cavalcanti,eguerra@yahoo.com.br,PI,2024-06-03
8c30563f-5032-439c-ae0f-0484fe43541a,Dr. Renan da Luz,raquelfernandes@ig.com.br,AC,2025-05-10
efa9a0a3-a915-4364-b78a-669f4b68d94d,Alice Jesus,henrysampaio@hotmail.com,AP,2025-04-14
424d9430-b724-49b7-b10b-7fa9e9a0c20d,Paulo Sales,ncunha@ig.com.br,AM,2024-01-01
5be2124f-fdd9-4681-af5e-eca58909b003,Isis Vasconcelos,gomesmaria-luisa@gmail.com,MT,2025-05-17
102048e6-6386-44e0-bd3e-58303d0d5c8f,Benjamin Pires,correiabenicio@ig.com.br,SE,2025-01-27
4eada8d3-e797-43ae-8cca-0c05a1f619ed,Vitor Machado,da-cruzjose-pedro@gmail.com,TO,2025-08-12
2a3dd769-8dac-410d-9eb3-8ef5b24070ca,Eloá Pastor,da-motajoao-miguel@uol.com.br,PB,2024-06-11
a08fa1c6-1688-4e84-b346-bbe79caf4bfe,Beatriz Vieira,peixotoluiz-miguel@ig.com.br,TO,2025-08-03
8990779c-ecc3-4699-8d6d-cb42bd8bf603,Otto Abreu,bruna97@gmail.com,CE,2024-04-05
31b42308-b846-4413-b52e-761322eb69b1,Sophie Camargo,mariacavalcanti@uol.com.br,RS,2024-09-08
3f24ba6a-df62-4d0c-bc76-37a06d98a416,Lucas Gabriel Cardoso,rmartins@gmail.com,ES,2024-08-15
75938f5a-b40b-4353-a96b-e9034e09c596,Henry Pastor,rhavi10@uol.com.br,RJ,2025-07-07
acb60e81-e8f6-4796-b200-a32c83c5c510,Nicole Vargas,pintobruna@ig.com.br,MS,2025-10-24
7c795dd9-73d1-4f3e-9860-c4f45f70b951,Maria Isis Fonseca,milena64@gmail.com,PE,2025-01-17
3066478c-4aa0-4842-857f-dd20a50a0a29,Yasmin Rocha,aferreira@uol.com.br,AP,2023-12-22
510e641f-fe67-48e9-8a88-e6ca1dee4b6d,Lívia Jesus,luiz-otavio22@hotmail.com,RJ,2024-03-12
e671d582-7a9e-4394-bb4c-cb141cc0b764,Léo Cirino,juan97@yahoo.com.br,AL,2024-03-22
5ea011cd-6d79-48bf-9a92-e740b74966cb,Amanda Guerra,rioseloah@uol.com.br,MG,2024-09-19
230da680-ea35-4f17-8157-a7619162f6db,Manuella Ferreira,kamilly28@uol.com.br,DF,2024-04-27
6fa22f92-90c9-4f00-bb01-1fdd94c0b9e0,Yuri Mendonça,marina19@ig.com.br,GO,2025-04-05
4d131338-ccc4-40a9-af5a-01ccd85195ac,Sr. Marcelo Moraes,yasminduarte@yahoo.com.br,GO,2025-05-20
d12972d3-2396-4b83-9cd1-4b22b0e8b2fa,Vitor Pacheco,arthur-gabrielmendes@yahoo.com.br,PB,2025-10-26
1fb0ef34-c849-4436-98b4-75b1c12a34f4,Kevin Alves,caio14@ig.com.br,RN,2024-05-12
1b799e6b-f52e-44a6-ac6c-2e1b708df094,Marcela Alves,sfonseca@bol.com.br,CE,2025-09-13
3054366b-6d8e-4559-9af9-3e99fc267da6,Otávio Cunha,jcamara@uol.com.br,AP,2025-10-29
c416c07c-b6a7-47b1-83cb-0c28474cfa29,Dr. Felipe Albuquerque,da-conceicaolais@ig.com.br,RJ,2025-03-10
caf07226-7e00-4029-847f-9b05851b5f38,Dr. Luiz Henrique Melo,teixeiraeduardo@ig.com.br,PB,2024-05-09
8dc4c81f-a8fa-4904-bd94-ed9facce693e,Dr. Samuel Montenegro,wmendonca@gmail.com,RO,2025-01-26
e90f4137-15be-4dd0-97b0-27ce4fe5c13b,Emanuel Montenegro,daniel33@hotmail.com,RR,2024-01-24
2aa814da-56ec-4e55-aad9-e93dc3d0bde3,Lucca Cavalcante,barbaramonteiro@bol.com.br,RN,2024-07-24
8a3a0129-a9d8-4c4f-aed3-38be4cc6d67e,Guilherme Monteiro,rezendeana-julia@bol.com.br,MT,2024-05-08
6f75a3b2-d818-4112-8cde-dddbc3f9c78c,José Pinto,rodrigocassiano@ig.com.br,PA,2024-08-08
dc0db266-0e29-4d9a-8518-bd4dc840789b,Srta. Maria Sophia da Mata,isis20@ig.com.br,AP,2024-08-04
688b4cfb-7081-45fd-8648-bbe8f84ce7a9,Nicolas Fonseca,joao-pedrocaldeira@hotmail.com,GO,2025-10-05
649a0bf9-f5f3-443a-a8e7-f03002038340,Yasmin Freitas,nascimentorenan@uol.com.br,GO,2024-07-25
ca803df8-7182-4cf2-a151-ed022f098f4d,Letícia Costela,maria00@ig.com.br,RS,2024-03-19
ec511744-05e1-4e2f-b2b7-4922054edd71,Gabriela Pires,luiz-otavio66@bol.com.br,PI,2025-04-20
68950908-2e2c-4850-ab17-bd75307a1acb,Nicole Costa,pedroda-paz@ig.com.br,SE,2024-03-27
b5a61d61-9925-4c9b-8d60-2879f79b1079,Julia da Costa,maria-juliafogaca@bol.com.br,SC,2025-08-25
e71d6ba3-486d-4e57-ae1a-1e1bed1ddefa,Isis Montenegro,melinada-mota@ig.com.br,GO,2025-03-25
d888dcb6-1ccc-43c1-be34-7f69752fbd7e,Levi Lopes,tfogaca@bol.com.br,SC,2025-10-08
a8d791b6-b52c-4358-94a8-b45a75d1d776,Marcela Borges,duarteleandro@gmail.com,PR,2024-11-21
a5accd5a-48f1-4eed-a703-7089c78cd2c3,André Farias,almeidaoliver@hotmail.com,SP,2025-04-26
76a990f1-f928-4706-977c-9717836a5887,Letícia Mendonça,marcelo66@gmail.com,RO,2024-05-27
40dd8895-d015-4898-9187-c9a0b8663c7c,Valentina Pires,gjesus@uol.com.br,MS,2024-06-19
75cd3e5c-7a24-4720-a7e2-92992bf6d915,Allana Camargo,abreuisabela@gmail.com,RR,2024-10-14
b3dd7820-bd20-436a-a705-24cbe704b115,Luiz Miguel Sales,blima@gmail.com,PB,2024-12-15
50db8e34-938f-4b90-ac08-7d6c04de78f8,Rael Pacheco,tda-conceicao@gmail.com,PI,2024-01-23
ccbcbf4b-78ea-47e2-8bc4-dd425c39b57d,Dr. Renan Camargo,rleao@ig.com.br,CE,2025-03-31
4200a1aa-7c82-4fbe-b95e-54f08fde042a,Aurora Rios,ncamargo@hotmail.com,MT,2025-08-05
c4df5b8d-c4eb-4e5d-aa6e-94cff83a1bce,João Felipe Cassiano,bruna21@hotmail.com,AC,2024-06-12
6f1f5c6a-2a11-4eab-85ba-36affb60be1c,João Pedro Montenegro,barroscamila@yahoo.com.br,AL,2024-10-05
63d69dd8-55a1-4414-8995-3dd10976e09f,Dra. Clarice Oliveira,mvasconcelos@yahoo.com.br,SC,2025-06-15
fba2a5f1-56c7-4990-b401-73c10155aa51,Ágatha da Paz,machadoana-cecilia@bol.com.br,ES,2025-08-21
84d99451-8f18-4e72-9696-dc6c671adde5,Letícia da Paz,xbarbosa@ig.com.br,SP,2024-10-06
4da273ed-5fdc-4844-bdb3-7e454e0f89b9,Theo Porto,bruno82@gmail.com,MA,2024-12-16
2623b91a-72f6-4fe1-aace-fa98732e9280,Cecília Viana,mirellaporto@uol.com.br,SC,2024-08-13
3ecb1bd6-34af-42e1-8968-e8ee4663f1a1,Maria Luísa Gomes,campossophia@hotmail.com,TO,2025-06-05
f60c2dd3-9d4e-42f2-8f14-f86c2b501ad7,Vitor Pereira,cassianoana-liz@uol.com.br,MT,2024-04-23
c3528ba4-3f0e-424b-99fc-8579acd32f62,Srta. Letícia Gomes,arthur-miguelda-mata@bol.com.br,PI,2025-04-24
0ba4e32b-4804-444c-82a4-e22ed7371450,Maria Luísa Machado,oferreira@hotmail.com,CE,2025-07-01
7d2d93e8-b40b-4288-b24d-2a35e5304b87,Aurora Gonçalves,albuquerqueluiz-felipe@uol.com.br,SP,2024-10-05
b43c7851-e78d-4f32-be2a-9f7347dfa607,Dra. Ana Vitória Nascimento,pedro-miguel37@yahoo.com.br,RR,2025-03-19
da968e7d-0d46-4159-a668-5e80f16d4fe8,Fernanda Porto,maria06@ig.com.br,MT,2024-11-04
7adf1458-0722-4b3c-98c3-0aa9a0135044,Davi Rodrigues,belladas-neves@gmail.com,PA,2025-08-23
1a115f59-10d7-4164-ae8d-0018a04dac84,Lívia da Cunha,macedodaniel@yahoo.com.br,RO,2024-01-17
92be07c4-e784-4abe-b190-b8f4d73d52ba,Maria Helena Guerra,albuquerquedavi-luiz@bol.com.br,BA,2025-04-13
0dfabe46-dbd3-4865-8f38-1c01d5ce0626,Otto Mendes,daniloda-costa@bol.com.br,PA,2024-08-28
f3dcd264-c4b2-4b21-bc0d-d6ed7b122ee5,Gabriela Viana,maria-florpinto@hotmail.com,TO,2024-08-18
19e79a3d-e920-4a24-8304-93f0d7c713b7,Murilo Cirino,luiz-henriquecosta@gmail.com,AC,2025-09-10
cbad3916-a124-4bea-8da2-61543f46a43a,Brenda Fernandes,stellada-rocha@hotmail.com,GO,2025-10-12
37f5c238-6559-4365-bc00-a0f0dcf89878,Rebeca Costela,costelapedro-lucas@hotmail.com,MA,2024-10-30
4b658517-1519-413c-a6c7-1f155bed83be,Emanuel Freitas,qda-conceicao@ig.com.br,TO,2024-12-28
bfc77282-b92c-4a72-ba17-d79a3a42958b,Heloísa Brito,meloolivia@hotmail.com,DF,2024-12-07
05f30bc5-9642-4052-9379-f2794cb50625,Nina Silveira,xteixeira@ig.com.br,RJ,2025-08-06
48a84587-62c9-44fc-b686-cfa7e94ded1e,Daniela Farias,lalves@hotmail.com,DF,2024-06-03
663463e9-d317-48c9-9060-573a721b7707,Sr. Rafael Araújo,mda-mota@gmail.com,RN,2025-08-23
ea92659b-aaaa-477f-8ab9-46a289a92af3,Luísa Nunes,da-costalevi@yahoo.com.br,AP,2025-05-30
761b7e11-7c19-4e61-b6d8-cbc7bfa93b6e,Maria Sophia Teixeira,santosjoao-gabriel@yahoo.com.br,AP,2024-02-07
1a50a93c-e5a2-409d-a8f8-687bb766ac85,Sra. Cecilia Melo,portorebeca@ig.com.br,MG,2025-05-24
f05d45c7-6522-48b9-8aad-0665ef30141d,Benjamim Peixoto,ayla83@bol.com.br,PA,2024-03-07
6379064f-b241-495b-a180-f402fb3e127f,Bianca Fogaça,theodorobrito@bol.com.br,RO,2025-11-22
3cf1c29e-09b4-413c-a45c-a94a345298c4,Emanuella Porto,mda-rocha@hotmail.com,SC,2025-03-13
177d8b26-2024-4407-b447-c34af032c262,Dr. Davi Luiz da Mota,correiacaua@ig.com.br,CE,2025-03-09
f42973f5-d1d1-4e0b-a7e7-a6bdc2a49fd8,Sofia Barros,nmontenegro@ig.com.br,SE,2024-12-13
4eccb0ab-7d53-48ca-a250-46c05f866c8e,Mariane Barros,mariane66@uol.com.br,RS,2025-03-05
29534ea7-d76d-4612-a9a0-758ef3a7bd25,Ana Carolina Campos,thomasda-cruz@bol.com.br,AC,2024-03-04
6ab62dbf-8663-48bb-aaf7-895bb241cfd3,Dra. Maria Isis Gonçalves,gabreu@gmail.com,RS,2024-07-15
c2b2547d-ac3c-4be3-bc35-b2747a57772b,Felipe Freitas,davi-lucas50@bol.com.br,AM,2023-12-12
eccf3b91-e352-49a0-95de-293bb9a807ba,Alana Rios,guilherme07@ig.com.br,BA,2023-12-24
deaf0fa9-24a6-4a6c-b641-d44931f09021,Lara Sampaio,siqueirahelena@yahoo.com.br,PE,2025-10-15
cba88a28-1727-40d8-bdf1-02c2b9b4c225,Sara Vieira,riosjoao-gabriel@bol.com.br,RR,2024-08-19
fad76ab7-635d-4150-98dc-c3a5309a8327,Ana Luiza Ramos,das-nevesdavi@bol.com.br,PA,2024-08-09
bb8f7b2b-d91b-4cb6-b5ea-bd3eb77dff3a,Sr. Vicente Ribeiro,fernanda05@hotmail.com,SE,2024-05-27
711f4ae4-2337-41e0-93c0-968729e7e176,Raquel Siqueira,santosana-julia@uol.com.br,RR,2024-12-13
a71db3a6-2c28-4bbd-b45d-bd91989da530,Gustavo Henrique Cunha,isabellamendonca@yahoo.com.br,SC,2024-09-21
e8ac64c4-b6b9-4240-9041-6cbc534234cf,Maria Helena da Mota,kda-rosa@hotmail.com,SE,2025-01-25
f1fa7e6a-fa23-4dbb-ac4d-17742bee2fff,Alícia Gonçalves,montenegroana-cecilia@yahoo.com.br,RO,2023-12-05
a65741db-61bc-4c56-82bb-8f6341458abc,Ana Clara Moreira,jose-miguel96@gmail.com,CE,2024-10-10
6822d128-8c61-459f-af19-43901c285022,José Miguel Rocha,eduardoda-mata@gmail.com,AP,2024-08-16
ce5b961f-585d-4011-ae40-8d5763ba6c3d,Lívia Vasconcelos,aragaoluigi@yahoo.com.br,SC,2025-05-14
d862042e-500f-46b1-8544-a04968115a5c,Davi Lucas da Luz,ana-lauraporto@gmail.com,AP,2025-04-10
86052bef-c382-4725-a1c6-3384ee20a0b5,Isabella Borges,pereiramanuela@hotmail.com,ES,2024-04-18
541bf89c-75d9-407c-9d93-63ea0182144d,Catarina Moraes,martinsmariah@gmail.com,MA,2024-09-04
d6e0217c-a801-415e-b046-425dfd474d95,Marcela Silveira,icirino@yahoo.com.br,PB,2024-04-08
056a3b28-caef-4c9e-9b9d-ff1bf52a6cbf,Maya Abreu,isabelly86@hotmail.com,BA,2024-04-03
b37e3c41-1a62-45f5-8f59-0b8ec86022c4,Anthony Gabriel Vargas,lizcosta@uol.com.br,SC,2024-12-29
b62a7941-59dc-4e0f-b168-5db847d28391,Clarice da Conceição,da-rosahenry@yahoo.com.br,PA,2024-06-13
21677dca-1b3a-454c-a31f-22121654c83f,Fernando Aparecida,renan43@bol.com.br,RS,2025-07-03
462e9af3-9962-4263-aabc-42b1059997f6,Esther Correia,hleao@bol.com.br,RR,2024-03-14
a3bdd4d6-0a01-48b6-8ab6-3e0f3cfbc642,Bento Vieira,isaac23@gmail.com,BA,2025-10-21
f0636972-c737-427a-9e34-106afa902bfb,João Gabriel Vieira,luiz-gustavo40@bol.com.br,SP,2025-03-02
e29ff19c-29b5-4942-8f66-a91405635b30,Dra. Maria Helena Rezende,lsiqueira@ig.com.br,CE,2025-08-30
da4bdf2d-56a0-48b4-9179-2ee0bc731d47,Sr. Bernardo Casa Grande,vieiraantony@gmail.com,RR,2024-02-08
e1057ec8-ebf3-4f99-b9d3-8f2b496ec0c9,Pietra Teixeira,jgomes@yahoo.com.br,RO,2024-09-28
ea8e55a5-4566-4e79-9a9a-ab54e01a5b5e,Eloá Camargo,ana-juliapinto@yahoo.com.br,PR,2025-05-01
a7698b2d-f1ab-47a0-8d59-1b8c23627835,Breno Viana,ypereira@ig.com.br,ES,2024-09-27
f8c92b4a-8d2f-4114-9a72-ab37d5d318cf,Theo Nascimento,eloah24@uol.com.br,PA,2024-06-10
23de67fc-be59-4035-b842-80712eb35f6a,Ana Laura Souza,albuquerquelara@hotmail.com,SC,2025-01-17
646d2e33-380a-402d-8e55-ced39e79a6fe,Noah Silveira,vcardoso@hotmail.com,CE,2025-09-03
084930a1-ede0-4d33-a36d-756733a44f40,Sra. Pietra Dias,saana-luiza@hotmail.com,ES,2024-07-01
099396ff-da1e-42b2-9e6a-7c6e961b9221,Ana Clara Nunes,beniciopastor@uol.com.br,MA,2024-04-08
ded64d2a-c42d-4f03-a482-e8d103d33907,Sra. Anna Liz Pires,cassianomaysa@gmail.com,MA,2025-02-01
d847260b-8331-4711-9de2-2a7d70da1528,Aylla Marques,njesus@ig.com.br,RN,2024-08-04
2e266519-15f8-4768-9bef-39f177009b2e,Noah Montenegro,pmartins@bol.com.br,SC,2024-02-27
c234af07-f3e0-4b1f-85df-9333de36992f,Guilherme Guerra,nmelo@gmail.com,RO,2024-10-28
8f97b21d-028a-4f1c-92b1-2838639e8bbc,Felipe Barros,luizafogaca@ig.com.br,SE,2025-10-29
8088a7de-4e95-4929-a58b-2d2d4d4c3b80,Clara Duarte,arthurfreitas@yahoo.com.br,TO,2025-10-09
ed5edfa2-9fb3-4a4d-8071-2a38bffc4f09,Sra. Mirella Jesus,pimentajuliana@gmail.com,PI,2024-02-20
5fd90dfe-ca5e-4f38-a743-9b5306b81c8a,Arthur Gabriel Rios,anthonyleao@gmail.com,TO,2025-08-30
52891c31-f2de-45fd-a8b7-b5418d8b3728,Enzo Gabriel Oliveira,oteixeira@yahoo.com.br,DF,2024-02-15
1b696031-1f68-4d6f-988c-89dbed5cea4e,Maya Albuquerque,portogustavo@gmail.com,BA,2024-07-11
8be64b98-9999-41ec-9d2f-6e76feb2d172,Caleb Barbosa,camposcaroline@yahoo.com.br,AC,2024-04-06
b7a745e2-e327-419f-9895-cceaafe2ff5c,Gael Pereira,qcorreia@hotmail.com,GO,2024-10-05
2f981e44-ca78-4f58-adec-4b0d529b3b96,Luana Cavalcante,isabella01@hotmail.com,MS,2024-06-12
51f37a1f-d03a-4ed2-915a-3eea6f69a1cf,Maria Fernanda Freitas,dom96@ig.com.br,DF,2024-05-06
4d0e391d-b927-4714-aa42-9bd5cd7182b4,Sara Aparecida,azevedomaria-isis@gmail.com,GO,2024-08-07
e2213776-427a-4472-8d70-0c8bde36390a,Bruno Novais,emillynascimento@gmail.com,SE,2024-01-07
5a5ed7eb-1532-4177-b61d-170a4bd600e6,Liz Barbosa,maria-sophia31@yahoo.com.br,PI,2025-09-13
33f92a87-8372-4123-9ed7-a652de2bfe58,Dra. Gabrielly Sales,pedro-lucasfonseca@uol.com.br,SP,2024-10-10
70fbb28e-0d9b-43b5-956f-f3c182077e01,Lara Lima,kevingoncalves@bol.com.br,GO,2024-09-17
649423aa-6454-46be-a791-346cb7403274,Maria Helena Siqueira,da-motarael@bol.com.br,AM,2024-05-23
13b4c4f6-e19a-47f6-838a-819ef9705e4b,Gustavo Cavalcante,vlima@gmail.com,CE,2025-05-15
5a45b8ea-d3e7-43d1-8378-bcb77570b0ac,Maria Melo,zoe47@yahoo.com.br,MA,2025-06-08
945b3711-0a85-4722-b0c9-5ec44f2fcfd6,Rodrigo Camargo,bianca69@uol.com.br,PE,2025-06-02
6e29a319-014d-4829-8e4a-516f7d05955b,Davi Lopes,alexiapastor@gmail.com,MS,2025-04-30
4f8c61b9-98d7-48d9-8d51-5b58eb91d7bc,Isis Carvalho,zlima@gmail.com,CE,2025-02-14
06c3998e-8f14-4ac7-a99d-6b91071592d9,Dr. Davi Miguel Rodrigues,leticia76@uol.com.br,SP,2024-10-26
bd8fa26f-1f16-4e17-8f94-d562dd43b0cf,Liz Viana,da-rochamaria-luisa@ig.com.br,RJ,2025-05-11
4cc7cda2-1f2f-487d-ad11-3faf0e3f4912,Srta. Stella Casa Grande,galves@uol.com.br,MG,2024-12-14
1ec09c35-7503-4829-888e-5bd8072915c7,Ísis da Luz,martinslara@uol.com.br,RJ,2024-10-02
937749f6-2e2d-4681-a8b2-60709b1872ac,Liz Andrade,isabel17@uol.com.br,RR,2025-11-24
d736c320-a19c-4caf-9b45-c4305fd392e2,Lorenzo Pastor,andradediogo@uol.com.br,AC,2025-11-21
f52eaf63-badf-47a8-aeaf-39512f701b32,Bianca Sampaio,joana98@gmail.com,SC,2025-04-16
df5864d5-1165-4b1e-9b9f-acdeb409b855,Gustavo Henrique Oliveira,augusto34@yahoo.com.br,CE,2024-07-15
14a1c64b-edea-45b8-9cc8-62cdbd4211d1,Isabella Moreira,ferreiradiego@uol.com.br,PI,2024-12-10
fb876271-9d9b-42b9-a5ab-686c1e34c29a,Ana Cecília Caldeira,inovaes@gmail.com,MS,2024-09-03
7eb3aefc-34b3-4dcb-8b2c-65b5f0390686,Maya Araújo,ribeiroeduardo@gmail.com,RR,2025-06-28
c3a215ff-a660-404f-b0b6-052fb2c68986,Pedro Miguel Silva,freitasjoao-miguel@gmail.com,PB,2024-03-02
c1db480a-376f-4fff-9749-1088c0d978e7,Ana Beatriz da Mata,benjamim95@yahoo.com.br,AC,2024-08-25
a72d0bf4-c84d-46c0-8021-a347a8c34b25,Benjamin Caldeira,pimentayan@yahoo.com.br,SE,2025-07-26
df0987e9-259b-4aea-acab-b9ada15dd7c4,Lorena Nunes,yuri47@hotmail.com,RN,2025-04-27
6a7cfd08-ae57-44e8-929c-0131d44260d2,Bruna Rezende,nicolasduarte@bol.com.br,AP,2025-04-16
f486a251-1414-4827-a632-c350ff712ff4,Diego Alves,ribeirokaique@uol.com.br,AP,2025-11-30
5ca43e71-68f0-45f2-a156-8ad3f525d556,Sarah Oliveira,salesrodrigo@uol.com.br,AP,2024-09-03
c3f86f2d-436c-4e18-ab2b-0c271eec0480,Rafaela Pereira,luiz-miguelmarques@gmail.com,PI,2025-06-09
72eace11-f32d-4530-9ade-80d4ebb48c9e,Sr. Davi Lucas Andrade,silveiracaleb@gmail.com,PA,2025-04-07
6d3b867c-ed94-4378-9814-abe0821b390c,Dr. João Vitor Sá,calebe98@bol.com.br,MA,2024-08-11
07006af3-2b39-4995-813e-d0d3823a0b12,Felipe Casa Grande,joao-miguel13@bol.com.br,RN,2025-11-05
53bddb05-1308-4f8b-ba34-5e8238f1f1ab,Zoe Correia,fogacaemanuel@ig.com.br,CE,2025-01-01
f369c683-16b5-4f7a-a038-9eb7a2807710,Rafael Pires,maysada-paz@hotmail.com,PE,2025-09-30
e595e3fa-e182-48d2-b681-db3f1cc41c62,Maya Azevedo,yasmin74@gmail.com,SP,2025-07-20
42bd31c4-660f-4c40-acd9-dc3f7123bc96,Pietro Duarte,vicente56@uol.com.br,AL,2024-06-30
2951c8a7-cd21-4a34-8a49-ba1b3ab5a9f1,Sr. Lucca Porto,levinascimento@uol.com.br,MS,2024-08-18
0528d309-6a56-487d-bb8e-37e2c32bba73,Yuri Siqueira,barbosamirella@ig.com.br,AC,2025-07-03
73c7fd75-1bb9-4499-b6ee-a1cf8becc264,Maria Júlia Correia,zsiqueira@yahoo.com.br,ES,2025-02-25
0958b354-268e-41b4-9596-3842567e8c74,Isabel Machado,ada-cunha@yahoo.com.br,MT,2025-05-23
864b789a-cd9b-49fd-a04c-57f62bb47157,João Felipe Sales,ccamargo@uol.com.br,PR,2024-03-22
fe4995a4-112a-4ef5-b872-420e267d46e7,Anthony da Rocha,ualbuquerque@uol.com.br,AC,2024-08-03
2da6b974-47ad-41dd-b768-b54abb0c686a,Aylla Nascimento,eduardopastor@hotmail.com,GO,2025-02-14
1e0724a8-c28f-48cb-8018-95364d747649,Stephany Pastor,qlima@uol.com.br,ES,2025-02-12
8f4ea920-9df2-4554-b6ba-48926c905f13,Matheus Santos,qvargas@yahoo.com.br,DF,2024-09-27
7458d92c-a1da-4c7a-9b88-26edff4a9185,Anthony Costa,oliveirabento@ig.com.br,PR,2024-04-17
10a0e260-0fbd-4062-ab6d-9aa8aaefdbe1,Sr. Arthur Miguel Freitas,pietra06@uol.com.br,DF,2025-09-05
2b5997f2-c447-4e3f-8525-c1b4f73c6a1f,Sra. Antonella Cavalcanti,cirinoanna-liz@bol.com.br,SE,2023-12-13
c5ba136f-594e-461a-9d15-c12994256e90,Sra. Natália Barros,lunna41@uol.com.br,RS,2025-01-14
60beb85d-9053-417b-9f4d-ec1d52af891a,Sr. Arthur Miguel Pacheco,maria-lauracarvalho@uol.com.br,RO,2025-03-06
3bfb48d5-e09f-4e24-add2-4200f884195d,Bella Pires,barbara76@yahoo.com.br,SP,2025-11-30
340ce8c9-db96-4db1-bc76-86e52f4187bc,Mariane Vasconcelos,luiz-felipeda-rosa@yahoo.com.br,PA,2024-02-13
96203553-f860-458f-bd8c-c32eab7d09b2,Maria Fernanda Abreu,enascimento@yahoo.com.br,AC,2024-05-25
2df4e387-6bf6-42f7-b47b-ffbaf5611747,Maria Eduarda Fonseca,erocha@gmail.com,CE,2024-10-09
decceaea-622b-4588-8275-da34881e40c6,Antonella Ferreira,sophie51@hotmail.com,RO,2024-02-05
a2cfc32d-4c34-49de-931b-1e76725f875a,Maitê Santos,luiz-henrique45@uol.com.br,AL,2025-03-11
56784633-1429-4f31-b9b3-c0eefaf2be80,Ana Carolina Nascimento,casa-grandeguilherme@uol.com.br,RS,2025-07-08
04cac3d1-3506-4337-a83d-21a9014b069c,Murilo Almeida,rcirino@yahoo.com.br,SE,2024-10-21
2b85ffb7-b29e-4126-8840-e78a35ec5514,Juliana Martins,dcassiano@ig.com.br,RO,2024-10-02
6012a24e-3c16-4418-bd5b-af207da23e1b,Arthur Gabriel Ribeiro,saalice@bol.com.br,PI,2024-03-16
885cc793-00da-47f8-89d5-182c6669f679,Davi Brito,cda-paz@hotmail.com,TO,2024-08-20
78e00f78-2cda-40b2-bd43-c4fedfe91357,Sr. Carlos Eduardo Gomes,lorenzomarques@yahoo.com.br,RR,2025-11-19
c6cf07bf-b73e-44c3-9ef8-aca7898f3586,Caroline da Rocha,vianalara@yahoo.com.br,RN,2025-04-20
b06f0681-4b98-42c5-97aa-5681428f54aa,Rafaela Silveira,diogo77@hotmail.com,PB,2024-08-17
42696d14-0316-4de5-9590-690125fb2421,Dr. João Guilherme Peixoto,benjamincunha@bol.com.br,MS,2025-06-17
031f9724-e803-48e2-a37d-afcae9a6df13,Enzo Gabriel Ferreira,eduardamonteiro@uol.com.br,TO,2025-07-06
3e72e402-3a43-47a1-b52d-ed780f94db38,Srta. Maria Clara Rios,davi-lucascardoso@bol.com.br,RJ,2025-07-18
2d31317c-a191-4e12-be1b-5edf454f6d2d,Carlos Eduardo Nascimento,qabreu@uol.com.br,MT,2025-01-02
318f7980-2ec2-45a6-9293-23e289e10a5a,João Miguel Ramos,gabriel75@ig.com.br,SP,2024-02-27
d4488069-5a9b-43f8-ba09-a484556ed0d1,Lorena Montenegro,maria-julia45@hotmail.com,SC,2024-08-05
130da476-1b59-42d2-8622-70cbdb3d419b,Otávio Nunes,pedropinto@bol.com.br,ES,2024-04-07
1687819b-8fd4-4278-b332-d3ab92f77072,Dr. Ravy Aparecida,jcassiano@bol.com.br,PB,2024-06-12
0c4bc3d2-cc50-45cf-bc81-ed5ace5a4372,Yago Teixeira,ramosjuliana@uol.com.br,TO,2025-01-18
12b1d17e-5497-462b-a683-7a7226f6ed64,Maria Fernanda Almeida,dda-mota@uol.com.br,CE,2025-04-21
888e58e7-06b6-45f4-99d4-5a552e7c77b0,Vinícius Vasconcelos,leandro32@hotmail.com,RN,2025-09-21
d08308b0-9718-4943-a168-c4a8c55f30a1,Ágatha Ferreira,zmacedo@hotmail.com,AM,2024-02-15
10b7de33-d627-424e-8f5a-f64ef21b7a7f,Stella Campos,gguerra@yahoo.com.br,PA,2025-09-23
84c2f2c4-efb0-4e3b-acb5-0ab92c23b779,Bryan Rezende,esther96@hotmail.com,BA,2025-07-03
f7feb735-1cc6-40a0-90fa-b909fcfa1e61,Brenda Viana,ferreirapietro@gmail.com,PR,2024-11-29
bae3438e-2f43-42f0-802b-f49539e9c6ef,Pedro Lucas Carvalho,nda-paz@gmail.com,RO,2024-07-25
73bd185b-67d9-40b3-93c3-79fdf88505f9,Dr. Vicente Moreira,mferreira@ig.com.br,DF,2024-11-21
153d5754-f086-424a-bbfb-d9f98da4f916,Pedro Lucas Campos,jose54@uol.com.br,PE,2024-04-24
85915047-e6a5-47d0-a3c8-1fb94be730a1,Gael Casa Grande,rcosta@gmail.com,PA,2025-10-29
95ff7d9d-bd5a-4760-b9d9-c1dc1f9bd2b4,Lorenzo Carvalho,diego34@hotmail.com,RO,2024-03-31
7cbff645-cb61-416c-9d91-cf6bb1020282,Cecília Rocha,llima@hotmail.com,SP,2024-07-18
44087701-aa66-40ed-af0b-5b2b97514f49,Bella Borges,lda-cruz@uol.com.br,AM,2025-08-02
91225311-374e-4dff-8690-6169e8780458,Marcos Vinicius Pereira,vpires@uol.com.br,CE,2023-12-23
ce1eaeb5-bd67-4ba0-89c9-c0f39dcc91b0,João Vitor Jesus,melinaborges@yahoo.com.br,TO,2024-05-29
b21534f7-9e54-4d3e-a5e1-71462d8b62b6,Carlos Eduardo Silveira,natalia84@bol.com.br,AP,2024-05-07
4bfaa29e-032d-496d-a537-68573749af64,Maria Luiza da Luz,raelmacedo@ig.com.br,ES,2023-12-21
1ad4ac13-5040-49fa-890d-58e579c9f246,Oliver Novais,gaelviana@bol.com.br,SE,2025-09-06
4f50b598-73bd-480f-a96b-c76137179e45,Sra. Heloisa Martins,tlopes@hotmail.com,PI,2025-05-29
92f1da69-674f-4635-b236-b2ee181af69a,Igor Nunes,hsiqueira@yahoo.com.br,RR,2025-05-20
0f243491-8e9f-474a-bb65-03ea0f973342,Mateus Sampaio,mouratheo@gmail.com,RO,2024-09-19
899f7cfb-ef6f-4d6a-89ed-1c7c9f40ce6a,Agatha Moura,nataliacassiano@uol.com.br,SE,2025-12-04
fb7b00c7-eaa6-4c45-8f01-fe855bbaf3ac,Lavínia Caldeira,marianecorreia@uol.com.br,PR,2025-08-25
49858ab5-c54f-447e-894e-e2f0fe068b4e,Ayla Ribeiro,ypimenta@yahoo.com.br,SP,2025-05-19
341fab4a-b6ca-4840-92ad-bc1b51ffdef6,Ana Cecília Correia,marquesmarcelo@hotmail.com,PR,2024-05-13
99a2186f-40e0-4e0f-bcfb-c186c77b4fff,Maria Helena Costela,rgarcia@hotmail.com,AC,2025-04-04
092351d9-fedc-4b65-84aa-6e12208a9c4f,Pietro Cardoso,ericknovais@uol.com.br,PR,2024-12-10
104b5372-816e-45c2-8ab3-c590f262e145,Heloísa Andrade,danielgoncalves@uol.com.br,ES,2024-04-25
c4c93949-6334-4ca6-904f-0a710ef473a2,Maysa Alves,anthony-gabrielgarcia@gmail.com,RJ,2024-03-06
ce3200af-6e86-49f1-855c-22adbd71017f,Srta. Ísis Barbosa,hellenada-cunha@hotmail.com,MA,2024-03-25
242e4cff-6490-4a63-b6a8-d53d4e90ee87,Maria Sophia Santos,maria-fernanda86@yahoo.com.br,PR,2024-02-27
a0ca381c-bc3d-468a-87d4-9f499cc15301,Noah Aragão,mariahdias@bol.com.br,AL,2025-05-13
a0f155fb-8d64-4c21-8fc9-3778288510d1,Antonella Almeida,icampos@bol.com.br,PR,2025-05-31
1c68a614-2644-46f9-aab1-0bcf64c40063,Sr. Danilo Ribeiro,joao-gabrielpinto@yahoo.com.br,SE,2025-05-07
217244cf-0808-4d21-8d20-4cf6553a2bad,Sra. Lavínia Silva,da-matamaria-cecilia@ig.com.br,RN,2023-12-13
ce64debe-20e7-418a-8f8d-a52b05e3d107,Maria Helena Costa,riosantonella@bol.com.br,SP,2024-02-26
af838c06-caa5-422a-aed7-149f00fbbb90,Emanuelly Freitas,cirinofernando@ig.com.br,ES,2024-05-16
6508f5c4-2994-4775-ba4b-90e3fdf26daf,Srta. Maria Julia Duarte,correiamarcelo@yahoo.com.br,RS,2025-09-14
10dd6f06-f594-4de4-ad9e-392f9b027f54,Noah Montenegro,diaseloa@ig.com.br,RJ,2024-06-25
dec8bcbb-fd61-4d09-a1a7-30565114ca97,Luiz Henrique Souza,bleao@hotmail.com,RS,2024-03-30
5a766ac4-0f4c-4562-aa71-295cf816ee8a,Anthony Gabriel Lopes,blopes@hotmail.com,AM,2024-01-25
f1cfc83f-359e-484a-bf01-0e256ac08ccb,Dr. João Vitor Casa Grande,bazevedo@uol.com.br,MT,2025-05-22
31745b78-c705-4d1e-a3bb-48b6731171a7,Olívia Viana,upereira@yahoo.com.br,SE,2025-07-25
ca6beccd-3f8b-4509-884f-0da6810e9d40,Sr. Luiz Otávio Vasconcelos,sousamathias@bol.com.br,MG,2024-10-28
8d759038-5397-4f39-9e24-0ec50d6ba019,Joana Costela,jose-miguelduarte@gmail.com,PR,2024-09-16
57f46801-69a2-4466-94c6-d16d569186b9,Maria Flor Novaes,franciscosa@yahoo.com.br,SP,2024-01-28
a2637d77-c186-4bce-a334-db0652acde30,Yago Araújo,leandrocarvalho@bol.com.br,RO,2024-10-07
8e673bc8-4401-4c6f-880a-f4599f6f4967,Lavínia Monteiro,stellaabreu@ig.com.br,MS,2025-01-04
e266c16f-e3e4-42f3-911c-dbb83ad4d4c4,Guilherme Sá,eloah70@ig.com.br,TO,2024-06-17
916fb778-ba8f-4e6c-a1a4-cd1971ef7e0a,Amanda das Neves,albuquerqueyan@gmail.com,CE,2024-02-18
452319ae-45ec-457f-8eb4-b40eb1e62f11,Helena Ramos,silveiraravy@uol.com.br,AC,2025-06-02
0b4ba6c4-a672-4796-beef-341b007fb3cb,Eduardo Cunha,ravysales@uol.com.br,RJ,2025-09-13
ac334f9c-d071-4654-a5cb-49de4addf902,Samuel Vieira,dfreitas@yahoo.com.br,SP,2025-10-25
aa25a578-8cea-4275-af3b-bcb5413524d3,Dr. Luiz Miguel Lopes,moreiragustavo-henrique@bol.com.br,CE,2025-07-01
07f6008e-0426-4e7b-8604-76dd30e5ce91,Dra. Lívia Mendonça,vitoriaporto@gmail.com,MA,2024-03-08
e171582b-9ec7-4199-964d-ce39b047824a,Ana Sophia Azevedo,maria-julia68@gmail.com,MS,2025-05-19
819c84c4-ef7f-4e3f-873a-7522c7e4cbe5,Mateus Andrade,albuquerquejose-miguel@bol.com.br,PB,2024-01-27
c5c01d05-2d37-4a8c-a7c8-f28da7641ff1,Kamilly Sampaio,anthonygomes@ig.com.br,MG,2024-01-08
16558df4-10af-44cc-9122-e28f6c18eb52,Henry Gabriel Fernandes,da-motaluiza@bol.com.br,GO,2025-10-16
1cdd5a61-031d-45fc-89c0-1379829c34f7,Murilo Montenegro,joao-felipe60@yahoo.com.br,PE,2025-05-05
69dbb362-c0df-4921-a07f-33853f3fd62f,Vinícius Albuquerque,emoraes@bol.com.br,TO,2025-04-03
2543ab1a-c6ec-4e60-a443-3474b4586ea4,João Jesus,leaodavi-lucca@bol.com.br,SP,2025-04-16
4e6ccc79-f8eb-41b8-9938-297130f6d8b6,Lara Gonçalves,ana-sophiaduarte@hotmail.com,DF,2025-09-06
89939c6e-7586-4743-9174-dc0beeb74413,Noah da Mota,heloisamendes@ig.com.br,MT,2024-03-27
23c52c31-1e93-4ed6-902a-12a5630ae016,Brayan da Cunha,gpeixoto@uol.com.br,CE,2024-03-09
2bfddbf9-3849-4d35-8329-732b51146ac7,Asafe Azevedo,kevinalmeida@bol.com.br,SE,2025-09-05
e35bba6d-bd39-409d-a67f-aa8371497c71,Vitor Hugo Pimenta,barrosjulia@ig.com.br,MG,2025-09-25
3e7b8fb1-9035-46bb-af6d-8fc6afbdf369,Vitor Hugo Teixeira,ravi69@uol.com.br,RS,2025-05-29
8d85e013-b200-44fa-9d8e-20d617a60138,Alícia Gomes,calebe31@ig.com.br,AL,2024-06-16
88b12a44-2dc1-49dd-887c-1935d139e6d8,Jade Machado,eduardoazevedo@gmail.com,AM,2025-08-01
a3dff5f0-297e-46fe-bf8b-015eb6a35409,Léo Silveira,mariacavalcanti@ig.com.br,RN,2025-07-13
61f041d0-6993-4611-a777-5ef59ab9ae1b,Maria Flor Carvalho,peixotoemilly@yahoo.com.br,MG,2024-07-24
5fc0ccce-4ba0-4508-99ed-cdbcec39212e,Levi Mendonça,paragao@hotmail.com,AL,2024-09-02
9f2c7e7f-58d0-402b-b5d5-a1159ce8b890,Pedro Barbosa,benicio76@yahoo.com.br,MT,2024-07-13
3193fb1c-91bd-4f30-ab1a-ae6a31ca528c,Valentim Pacheco,aparecidaana-julia@gmail.com,PA,2025-08-16
8521e25e-96fb-4b7e-b770-beafd5da108b,Jade Costela,beatriz82@ig.com.br,RO,2024-07-08
a9b2a838-edac-4484-b2d0-58ca7b2e329d,Alícia Lopes,ana-clara13@hotmail.com,AP,2025-07-28
1537846c-da6b-491d-a079-165797ec147d,Pedro Henrique Guerra,barbaracastro@bol.com.br,AM,2024-02-06
d2fe2d04-640f-4c70-a5a5-788e2b80d1ed,Srta. Clarice Nogueira,aparecidaalexandre@hotmail.com,PR,2024-02-26
aa8fb624-4f2f-4eb3-98dd-0b26fc0ea898,João Vitor Pimenta,ana-beatriz66@hotmail.com,MT,2024-05-16
10e900ff-5857-4862-b105-65b6640b1814,Clarice Santos,otto70@yahoo.com.br,AL,2023-12-29
025c9425-c557-43d3-89d7-cc9c6af98a8b,Francisco Monteiro,mda-mota@ig.com.br,RS,2024-09-10
76aac248-edd6-4dd7-aad0-9369e0d3f7c1,Marcelo Fernandes,jesusdavi-lucas@uol.com.br,RN,2025-02-21
c798c498-499d-4830-8d67-6a99a94a3567,Heloisa Machado,caua79@hotmail.com,AM,2025-09-29
1383883b-118f-4972-a396-fc578c76560f,Luísa Cavalcanti,gael44@bol.com.br,BA,2025-10-13
85a7797f-290c-47eb-9793-f1952553ff33,Isabella Azevedo,pintoerick@gmail.com,TO,2025-05-23
56b6b8cc-a612-4e53-9f5e-9c52ef15627d,Marcela Alves,oliveiradaniela@gmail.com,PA,2025-07-09
fb372648-697a-496d-9988-5d2a570662ce,Nicole Barros,valentimgarcia@hotmail.com,AP,2025-01-20
93cdfce8-ef69-4085-8c87-1a3ab67af865,Theo das Neves,ana-livia88@gmail.com,RR,2025-02-01
b360e8af-91aa-4b5c-ab0c-bd6ca6032997,Kaique Brito,enricofarias@hotmail.com,AM,2025-04-07
1fe8fbe4-e3ba-456c-9b2b-fd4f9dcb65be,Helena Siqueira,spacheco@yahoo.com.br,RR,2024-10-26
72737998-34d2-44cd-9763-2be71b61508e,Dr. Alexandre Camargo,henrysampaio@gmail.com,BA,2024-03-28
e19d4f0a-1c44-4135-a9d4-de06342ed9b4,Lunna Jesus,souzamaria-cecilia@bol.com.br,MA,2024-03-23
1c1d73b3-250a-4bc0-af19-117fa452cdef,Felipe Lima,ogomes@bol.com.br,GO,2025-06-17
bb8cea35-1bc4-4161-aff7-9a573183eab0,José Miguel Sales,larissa95@gmail.com,MA,2025-06-16
7792be47-3478-4752-8b3b-81a9ddd652a8,João Gabriel Pastor,caldeirajoao-guilherme@hotmail.com,PA,2025-01-23
c1e0248e-a844-4e0b-aac2-fc1e8a83e68d,Maysa Silva,caiomelo@ig.com.br,RR,2025-06-22
3585ac00-d3c8-44bd-b223-9f5d2dec9b01,Helena Vieira,ravi-luccasousa@gmail.com,DF,2024-03-17
1bc2b4b4-6a40-4733-a75b-7c2c12be16cb,Bento Ribeiro,fcaldeira@hotmail.com,PA,2024-05-31
1cf85fc4-db6f-4f8b-b316-891d88964456,Stephany Silva,caueda-conceicao@ig.com.br,PI,2024-12-11
a2e13d75-b2e2-43cc-b873-335fca3f48a4,Sr. Benjamim Moreira,nmendonca@hotmail.com,AP,2025-01-10
a17f2016-c997-4b86-8ea7-c6ed5f1d3663,Melina Barbosa,cbrito@bol.com.br,SC,2025-03-18
0c81a3cc-9965-4f48-8b4d-2de206b868bd,Srta. Maria Dias,gaparecida@uol.com.br,AC,2025-05-02
9a2363fe-6901-488c-bd8a-3090353a044d,Marcos Vinicius Ferreira,piresmaria-isis@gmail.com,RN,2025-02-10
8740108c-300c-4f07-838b-dbddb7dabc68,Luiz Gustavo Viana,hda-cruz@hotmail.com,RS,2024-01-23
f23657ec-5acc-4d2f-a81b-a82763cf3b51,Joaquim Cassiano,yaparecida@yahoo.com.br,SP,2024-09-20
54e08a94-4682-4a38-bb78-0253d4961e60,Francisco Guerra,rodrigo88@bol.com.br,SC,2024-03-18
a180ee9b-1767-4700-97e3-ab403db87d15,Bento Rocha,nogueiracalebe@bol.com.br,RO,2024-05-06
20be8394-8cbb-4a01-9cac-fd9f6a3eed4f,Davi Luiz Guerra,pastorheitor@yahoo.com.br,TO,2025-03-12
